{
  "death_rate": 0.2,
  "episodes": 20,
  "max_coverage": 1.0,
  "mean_coverage": 0.847752985768433,
  "mean_length": 225.65,
  "mean_reward": 79.31144770855303,
  "min_coverage": 0.22666666666666666,
  "success_rate": 0.45,
  "timeout_rate": 0.35
}
