{
  "death_rate": 0.45,
  "episodes": 20,
  "max_coverage": 1.0,
  "mean_coverage": 0.6018254775208405,
  "mean_length": 156.2,
  "mean_reward": 54.236994727759495,
  "min_coverage": 0.04,
  "success_rate": 0.3,
  "timeout_rate": 0.25
}
